id,website
1,https://google.com
2,https://microsoft.com
10,https://www.google.com
11,https://office.com
12,https://netflix.com
13,https://live.com
15,https://login.microsoftonline.com
16,https://logs.netflix.com
18,https://update.googleapis.com
19,https://ftl.netflix.com
21,https://ecs.office.com
23,https://digicert.com
26,https://edge.microsoft.com
27,https://bing.com
28,https://apple.com
31,https://push.prod.netflix.com
32,https://nrdp-ipv6.prod.ftl.netflix.com
33,https://skype.com
34,https://clientservices.googleapis.com
36,https://login.live.com
38,https://safebrowsing.googleapis.com
39,https://mobile.events.data.microsoft.com
40,https://edge.skype.com
41,https://config.edge.skype.com
42,https://facebook.com
43,https://self.events.data.microsoft.com
45,https://amazon.com
46,https://officeapps.live.com
47,https://accounts.google.com
48,https://doubleclick.net
49,https://lencr.org
54,https://teams.microsoft.com
55,https://icloud.com
57,https://www.bing.com
60,https://googleusercontent.com
61,https://clients4.google.com
62,https://msn.com
64,https://office365.com
65,https://www.googleapis.com
66,https://optimizationguide-pa.googleapis.com
67,https://youtube.com
71,https://outlook.office365.com
72,https://x1.c.lencr.org
73,https://play.google.com
74,https://config.teams.microsoft.com
76,https://itunes.apple.com
77,https://googleads.g.doubleclick.net
79,https://graph.microsoft.com
80,https://copilot.microsoft.com
82,https://business.bing.com
83,https://www.youtube.com
85,https://teams.events.data.microsoft.com
87,https://api.amazon.com
89,https://google-analytics.com
90,https://manage.microsoft.com
91,https://play.googleapis.com
92,https://yahoo.com
93,https://substrate.office.com
94,https://sharepoint.com
95,https://windows.com
97,https://ntp.org
99,https://opendns.com
101,https://azure.com
102,https://www.google-analytics.com
103,https://pki.goog
106,https://outlook.office.com
107,https://www.facebook.com
108,https://officeclient.microsoft.com
109,https://googletagmanager.com
111,https://www.googletagmanager.com
112,https://fonts.googleapis.com
113,https://i.ytimg.com
116,https://cloudflare.com
117,https://graph.facebook.com
118,https://bag.itunes.apple.com
119,https://smartscreen.microsoft.com
121,https://fbcdn.net
126,https://ocsp2.apple.com
129,https://lh3.googleusercontent.com
131,https://googlesyndication.com
132,https://us-mobile.events.data.microsoft.com
137,https://storage.live.com
139,https://doh.opendns.com
140,https://x2.c.lencr.org
144,https://entrust.net
149,https://app-measurement.com
152,https://config.office.net
153,https://clients.config.office.net
154,https://pagead2.googlesyndication.com
155,https://content-autofill.googleapis.com
156,https://fastly.net
157,https://beacons.gcp.gvt2.com
158,https://gateway.icloud.com
159,https://gsp-ssl.ls.apple.com
160,https://assets.msn.com
163,https://googleadservices.com
166,https://upload.fp.measure.office.com
168,https://oneclient.sfx.ms
169,https://go.microsoft.com
170,https://www.googleadservices.com
178,https://c.pki.goog
179,https://exo.nel.measure.office.net
181,https://configuration.ls.apple.com
182,https://g.live.com
185,https://outlook.com
186,https://arc.msn.com
187,https://whatsapp.net
191,https://nrdp.prod.cloud.netflix.com
192,https://sentry.io
199,https://youtubei.googleapis.com
201,https://ad.doubleclick.net
206,https://tpc.googlesyndication.com
207,https://mesu.apple.com
208,https://clients6.google.com
211,https://stats.g.doubleclick.net
212,https://instagram.com
213,https://web.facebook.com
214,https://yt3.ggpht.com
215,https://adobe.com
219,https://clients2.google.com
221,https://mail.google.com
222,https://odc.officeapps.live.com
223,https://apis.google.com
224,https://gateway.facebook.com
228,https://clients3.google.com
229,https://play-fe.googleapis.com
230,https://android.googleapis.com
231,https://beacons.gvt2.com
232,https://browser.events.data.microsoft.com
235,https://connect.facebook.net
237,https://edgedl.me.gvt1.com
239,https://presence.teams.microsoft.com
241,https://xp.apple.com
242,https://analytics.google.com
244,https://android.clients.google.com
245,https://umbrella.com
246,https://amazon-adsystem.com
251,https://scorecardresearch.com
252,https://doh.umbrella.com
253,https://mrodevicemgr.officeapps.live.com
255,https://dns.opendns.com
256,https://api.msn.com
257,https://r4.res.office365.com
259,https://init.itunes.apple.com
263,https://rapid7.com
272,https://dns.umbrella.com
273,https://gspe79-ssl.ls.apple.com
275,https://meraki.com
276,https://spotify.com
277,https://sb.scorecardresearch.com
279,https://gs-loc.apple.com
280,https://verisign.com
282,https://www.apple.com
286,https://securepubads.g.doubleclick.net
288,https://notifications-pa.googleapis.com
289,https://jnn-pa.googleapis.com
290,https://firebaselogging-pa.googleapis.com
291,https://waa-pa.clients6.google.com
293,https://safebrowsing.google.com
295,https://unitedstates.smartscreen.microsoft.com
297,https://mask-api.icloud.com
302,https://snapchat.com
303,https://tiktokv.com
304,https://app-analytics-services.com
305,https://us-api.asm.skype.com
306,https://us-prod.asyncgw.teams.microsoft.com
307,https://linkedin.com
308,https://th.bing.com
309,https://img-s-msn-com.akamaized.net
310,https://graph.instagram.com
312,https://gspe35-ssl.ls.apple.com
313,https://i.instagram.com
314,https://mzstatic.com
315,https://launchdarkly.com
317,https://firebaseremoteconfig.googleapis.com
318,https://nexusrules.officeapps.live.com
320,https://licensing.mp.microsoft.com
322,https://guzzoni.apple.com
323,https://scontent.xx.fbcdn.net
327,https://devicelistenerprod.microsoft.com
332,https://ade.googlesyndication.com
335,https://adsrvr.org
343,https://docs.google.com
344,https://crashlytics.com
345,https://rubiconproject.com
346,https://cm.g.doubleclick.net
347,https://windows.msn.com
348,https://play-lh.googleusercontent.com
350,https://c.bing.com
351,https://criteo.com
352,https://cdnjs.cloudflare.com
353,https://configuration.apple.com
355,https://pubmatic.com
357,https://activity.windows.com
359,https://people-pa.googleapis.com
360,https://static.doubleclick.net
361,https://gmail.com
365,https://beacons2.gvt2.com
367,https://gsp85-ssl.ls.apple.com
368,https://www.googletagservices.com
369,https://accounts.youtube.com
372,https://fd.api.iris.microsoft.com
373,https://www.microsoft.com
374,https://lh5.googleusercontent.com
375,https://appcenter.ms
376,https://signaler-pa.clients6.google.com
377,https://adobe.io
378,https://geller-pa.googleapis.com
379,https://ampproject.org
380,https://wg.spotify.com
381,https://www.msn.com
382,https://cdn.ampproject.org
384,https://spclient.wg.spotify.com
385,https://ib.adnxs.com
387,https://statics.teams.cdn.office.net
388,https://prod-lt-playstoregatewayadapter-pa.googleapis.com
391,https://beacons3.gvt2.com
392,https://in.appcenter.ms
394,https://s.amazon-adsystem.com
398,https://tile-service.weather.microsoft.com
399,https://beacons4.gvt2.com
400,https://oauthaccountmanager.googleapis.com
401,https://firebase-settings.crashlytics.com
403,https://c.amazon-adsystem.com
405,https://casalemedia.com
406,https://gateway.instagram.com
408,https://addons-pa.clients6.google.com
409,https://m.media-amazon.com
411,https://a.nel.cloudflare.com
413,https://playstoregatewayadapter-pa.googleapis.com
414,https://twitter.com
417,https://cdn.jsdelivr.net
418,https://inbox.google.com
419,https://pubads.g.doubleclick.net
420,https://firebaseinstallations.googleapis.com
421,https://init-p01md.apple.com
422,https://news-edge.apple.com
423,https://android.apis.google.com
424,https://s0.2mdn.net
426,https://doh.dns.apple.com
429,https://ocsp.pki.goog
430,https://res.cdn.office.net
431,https://pancake.apple.com
432,https://armmf.adobe.com
439,https://kv601.prod.do.dsp.mp.microsoft.com
441,https://us-teams.events.data.microsoft.com
442,https://apple.news
443,https://c.apple.news
444,https://openx.net
446,https://adservice.google.com
447,https://imap.gmail.com
448,https://valid.apple.com
449,https://apps.apple.com
451,https://gspe19-2-ssl.ls.apple.com
454,https://3lift.com
455,https://bam.nr-data.net
457,https://id.google.com
458,https://b-graph.facebook.com
460,https://android-context-data.googleapis.com
462,https://taboola.com
465,https://icloud-content.com
466,https://dns.google
467,https://mozilla.com
469,https://edge-consumer-static.azureedge.net
470,https://doubleverify.com
471,https://msh.amazon.com
472,https://adsafeprotected.com
473,https://browser.pipe.aria.microsoft.com
476,https://www.amazon.com
478,https://analytics.yahoo.com
479,https://fbs.smoot.apple.com
481,https://autodiscover-s.outlook.com
482,https://tenable.com
483,https://cloud.tenable.com
484,https://api.snapchat.com
488,https://x.bidswitch.net
490,https://td.doubleclick.net
491,https://s.youtube.com
492,https://weather-data.apple.com
496,https://titles.prod.mos.microsoft.com
497,https://smartadserver.com
498,https://api.smoot.apple.com
500,https://config.fp.measure.office.com
501,https://match.adsrvr.org
502,https://apps.mzstatic.com
503,https://ow1.res.office365.com
508,https://aax.amazon-adsystem.com
510,https://lh3.google.com
513,https://sensor.cloud.tenable.com
514,https://tapad.com
515,https://webex.com
516,https://tb.pipe.aria.microsoft.com
517,https://android.com
520,https://default.exp-tas.com
522,https://setup.icloud.com
526,https://assets.adobedtm.com
527,https://media.net
528,https://arcus-uswest.amazon.com
529,https://pf.pipe.aria.microsoft.com
531,https://token.safebrowsing.apple
532,https://virtualearth.net
534,https://bat.bing.com
538,https://nrdp.prod.ftl.netflix.com
543,https://cookielaw.org
546,https://cdn.cookielaw.org
547,https://pixel.rubiconproject.com
548,https://checkin.dm.microsoft.com
550,https://userlocation.googleapis.com
555,https://gsp64-ssl.ls.apple.com
557,https://geover.prod.do.dsp.mp.microsoft.com
558,https://dev.virtualearth.net
559,https://storage.googleapis.com
560,https://ads.linkedin.com
561,https://gum.criteo.com
562,https://cc-api-data.adobe.io
563,https://kv501.prod.do.dsp.mp.microsoft.com
566,https://criteo.net
567,https://r.manage.microsoft.com
568,https://functional.events.data.microsoft.com
569,https://kv801.prod.do.dsp.mp.microsoft.com
570,https://inappcheck.itunes.apple.com
571,https://ioc-gw-prod-us-1a.sentinelone.net
572,https://fpc.msedge.net
573,https://ioc-gw-prod-us-1b.sentinelone.net
574,https://newrelic.com
577,https://access-point.cloudmessaging.edge.microsoft.com
579,https://storecatalogrevocation.storequality.microsoft.com
580,https://acdc-direct.office.com
581,https://time.android.com
582,https://pinterest.com
583,https://px.ads.linkedin.com
584,https://imasdk.googleapis.com
586,https://braze.com
587,https://iadsdk.apple.com
588,https://redirector.googlevideo.com
589,https://maps.googleapis.com
590,https://tiktok.com
592,https://unagi-na.amazon.com
593,https://dataservice.protection.outlook.com
594,https://static.xx.fbcdn.net
597,https://adform.net
599,https://ogs.google.com
602,https://store.microsoft.com
606,https://sharethrough.com
607,https://ajax.googleapis.com
611,https://ups.analytics.yahoo.com
612,https://dual-s-ring.msedge.net
613,https://spo-ring.msedge.net
614,https://teams-ring.msedge.net
615,https://wac-ring.msedge.net
619,https://aws.api.snapchat.com
620,https://displaycatalog.mp.microsoft.com
623,https://lcdn-locator.apple.com
624,https://gsp10-ssl.apple.com
625,https://bugsnag.com
626,https://netseer-ipaddr-assoc.xy.fbcdn.net
627,https://eb2.3lift.com
629,https://captive.apple.com
631,https://graph-next.fp.measure.office.com
634,https://pull-f5-tt03.fcdn.eu.tiktokcdn.com
635,https://gcp.api.snapchat.com
636,https://pull-f5-sg01.fcdn.eu.tiktokcdn.com
637,https://pull-flv-q77-sg01.eu.tiktokcdn.com
638,https://pull-f5-va01.fcdn.eu.tiktokcdn.com
639,https://pull-f5-tt01.fcdn.eu.tiktokcdn.com
640,https://pull-flv-l77-tt02.eu.tiktokcdn.com
641,https://pull-flv-f77-va01.fcdn.eu.tiktokcdn.com
643,https://pull-f5-tt02.fcdn.eu.tiktokcdn.com
644,https://pixel.tapad.com
645,https://pull-w5-sg01.ttlivecdn.com
646,https://eeroup.com
647,https://pull-cmaf-f16-tt03.fcdn.eu.tiktokcdn.com
648,https://pull-f5-gcp01.tiktokcdn.com
650,https://pull-o5-gcp01.tiktokcdn.com
651,https://appsflyer.com
652,https://id5-sync.com
653,https://cs.dds.microsoft.com
655,https://pull-q5-va01.ttlivecdn.com
656,https://pull-flv-f77-tt01-tt03.fcdn.eu.tiktokcdn.com
657,https://taskassist-pa.googleapis.com
658,https://pull-flv-l77-sg01.eu.tiktokcdn.com
659,https://oauth2.googleapis.com
661,https://us.api.endpoint.ingress.rapid7.com
662,https://pull-hls-f77-gcp01.tiktokcdn.com
663,https://pull-flv-f77-sg01.fcdn.eu.tiktokcdn.com
664,https://pull-flv-w77-va01.eu.tiktokcdn.com
665,https://pull-o5-va01.fcdn.eu.tiktokcdn.com
666,https://pull-flv-o77-sg01.eu.tiktokcdn.com
667,https://pull-f5-vr-sg01.tiktokcdn.com
668,https://pull-o5-sg01.fcdn.eu.tiktokcdn.com
670,https://pull-cmaf-f77-tt03.fcdn.eu.tiktokcdn.com
671,https://mozilla.org
672,https://pull-flv-f77-tt02-tt03.fcdn.eu.tiktokcdn.com
673,https://enterprise.activity.windows.com
674,https://cp601.prod.do.dsp.mp.microsoft.com
676,https://lijit.com
678,https://cdn.doubleverify.com
679,https://atm-fp-direct.office.com
680,https://pull-f5-vr-gcp01.tiktokcdn.com
681,https://pull-q5-sg01.ttlivecdn.com
682,https://pull-f5-sg01.ttlivecdn.com
684,https://pull-flv-l77-gcp01.eu.tiktokcdn.com
685,https://pull-a5-gcp01.tiktokcdn.com
686,https://pull-w5-gcp01.tiktokcdn.com
688,https://pull-flv-l77-gcp01.tiktokcdn.com
689,https://pull-cmaf-l77-gcp01.tiktokcdn.com
690,https://pull-cmaf-l10-gcp01.tiktokcdn.com
691,https://firefox.settings.services.mozilla.com
693,https://pull-flv-q77-va01.eu.tiktokcdn.com
694,https://pull-c5-gcp01.fcdn.eu.tiktokcdn.com
695,https://pull-flv-l77-va01.eu.tiktokcdn.com
696,https://pull-flv-o77-va01.eu.tiktokcdn.com
697,https://pull-flv-f77-tt03.fcdn.eu.tiktokcdn.com
698,https://pull-q5-sg01.fcdn.eu.tiktokcdn.com
699,https://pull-flv-w77-sg01.eu.tiktokcdn.com
700,https://idsync.rlcdn.com
701,https://pull-cmaf-f16-tt02-tt03.fcdn.eu.tiktokcdn.com
702,https://pull-flv-f77-tt03-expt.fcdn.eu.tiktokcdn.com
704,https://pull-f5-vr-va01.tiktokcdn.com
705,https://pull-cmaf-f77-gcp01.tiktokcdn.com
706,https://pull-w5-va01.ttlivecdn.com
707,https://samsung.com
708,https://pull-w5-sg01.fcdn.eu.tiktokcdn.com
709,https://pull-flv-l77-tt01.eu.tiktokcdn.com
710,https://pull-w5-va01.fcdn.eu.tiktokcdn.com
711,https://pull-cmaf-f16-sg01.ttlivecdn.com
712,https://pull-flv-l10-gcp01.tiktokcdn.com
713,https://pull-flv-f77-gcp01.tiktokcdn.com
715,https://visualstudio.com
716,https://pull-q5-va01.fcdn.eu.tiktokcdn.com
717,https://pull-c5-gcp01.tiktokcdn.com
718,https://amp-api-edge.apps.apple.com
719,https://godaddy.com
720,https://pull-q5-gcp01.tiktokcdn.com
721,https://qq.com
722,https://token.rubiconproject.com
723,https://eu-mobile.events.data.microsoft.com
725,https://fundingchoicesmessages.google.com
726,https://sync.1rx.io
727,https://nist.gov
728,https://branch.io
729,https://clients1.google.com
733,https://creativecdn.com
734,https://swallow.apple.com
735,https://b-api.facebook.com
736,https://api.amazonalexa.com
738,https://edge-mobile-static.azureedge.net
739,https://delve.office.com
742,https://f.c2r.ts.cdn.office.net
743,https://loki.delve.office.com
744,https://quantserve.com
745,https://entitlements.itunes.apple.com
747,https://pull-cmaf-f16-gcp01.tiktokcdn.com
750,https://wac-ring-fallback.msedge.net
751,https://dual-s-ring-fallback.msedge.net
753,https://teams-ring-fallback.msedge.net
754,https://reddit.com
757,https://passwordsleakcheck-pa.googleapis.com
758,https://spov-ring-fallback.msedge.net
760,https://play.itunes.apple.com
761,https://ipv4probe.office.com
762,https://srtb.msn.com
763,https://hbopenbid.pubmatic.com
764,https://dotomi.com
766,https://tr-ssc-mira.office.com
767,https://pull-f5-tt03.tiktokcdn.com
769,https://tps.doubleverify.com
772,https://secure.adnxs.com
773,https://pull-cmaf-f16-va01.tiktokcdn.com
775,https://qualys.com
776,https://calendar.google.com
777,https://pull-a5-va01.tiktokcdn.com
779,https://device-metrics-us-2.amazon.com
781,https://us-east1-aws.api.snapchat.com
782,https://pull-q5-va01.tiktokcdn.com
783,https://google-ohttp-relay-safebrowsing.fastly-edge.com
785,https://pull-q5-sg01.tiktokcdn.com
787,https://nleditor.osi.office.net
788,https://intel.com
790,https://storeedgefd.dsx.mp.microsoft.com
792,https://pull-w5-sg01.tiktokcdn.com
793,https://amazontrust.com
794,https://pull-w5-va01.tiktokcdn.com
795,https://res-1.cdn.office.net
796,https://ads.pubmatic.com
797,https://weather.com
798,https://pull-hls-f77-sg01.tiktokcdn.com
799,https://pull-cmaf-f16-tt03.fcdn.us.tiktokcdn.com
801,https://unity3d.com
802,https://pull-flv-o77-sg01.tiktokcdn.com
803,https://pull-c5-va01.tiktokcdn.com
804,https://pull-o5-va01.tiktokcdn.com
806,https://pull-flv-q77-va01.tiktokcdn.com
807,https://pull-cmaf-f16-sg01.tiktokcdn.com
808,https://pull-flv-f77-tt03.fcdn.us.tiktokcdn.com
809,https://pull-flv-f64-sg01.tiktokcdn.com
813,https://pull-flv-l10-va01.tiktokcdn.com
814,https://pull-flv-f77-tt03.tiktokcdn.com
815,https://pull-flv-f77-tt01.fcdn.us.tiktokv.com
816,https://pull-cmaf-l77-va01.tiktokcdn.com
817,https://pull-cmaf-f16-tt02.tiktokcdn.com
819,https://checkappexec.microsoft.com
820,https://pull-flv-o77-va01.tiktokcdn.com
821,https://pull-flv-f77-tt01.tiktokcdn.com
822,https://pull-flv-q77-sg01.tiktokcdn.com
824,https://pull-cmaf-f16-tt02.fcdn.us.tiktokv.com
825,https://pull-flv-f77-tt02.tiktokcdn.com
826,https://pull-flv-f10-sg01.tiktokcdn.com
828,https://pull-flv-l10-sg01.tiktokcdn.com
829,https://fastlane.rubiconproject.com
830,https://pull-flv-f10-va01.tiktokcdn.com
831,https://pull-a5-sg01.tiktokcdn.com
833,https://pull-cmaf-f77-sg01.tiktokcdn.com
834,https://match.sharethrough.com
835,https://pull-flv-w77-va01.tiktokcdn.com
836,https://pull-cmaf-f77-va01.tiktokcdn.com
837,https://pull-f5-tt01.tiktokcdn.com
838,https://pr-bh.ybp.yahoo.com
839,https://pull-flv-l77-tt02.tiktokcdn.com
840,https://pull-cmaf-f16-tt03.tiktokcdn.com
842,https://pull-cmaf-f5-va01.tiktokcdn.com
843,https://pull-cmaf-f16-tt01.tiktokcdn.com
844,https://pull-cmaf-l16-va01.tiktokcdn.com
845,https://pull-hls-f77-va01.tiktokcdn.com
846,https://pull-o5-sg01.tiktokcdn.com
847,https://pull-cmaf-l10-sg01.tiktokcdn.com
849,https://drive.google.com
850,https://htlb.casalemedia.com
851,https://lookaside.facebook.com
852,https://time.google.com
855,https://pull-flv-l77-sg01.tiktokcdn.com
856,https://api.flightproxy.teams.microsoft.com
857,https://pull-flv-f77-sg01.tiktokcdn.com
858,https://pull-cmaf-f77-tt03.tiktokcdn.com
859,https://pull-flv-w77-sg01.tiktokcdn.com
860,https://pull-hls-l77-va01.tiktokcdn.com
861,https://pull-flv-f64-va01.tiktokcdn.com
862,https://pull-flv-f65-sg01.tiktokcdn.com
863,https://pull-flv-l77-tt01.tiktokcdn.com
864,https://pull-flv-f65-va01.tiktokcdn.com
865,https://pull-flv-f77-tt02.fcdn.us.tiktokv.com
866,https://pull-flv-f77-va01.tiktokcdn.com
867,https://pull-cmaf-f5-sg01.tiktokcdn.com
868,https://pull-flv-l77-va01.tiktokcdn.com
869,https://pull-f5-va01.tiktokcdn.com
870,https://pull-flv-f61-va01.tiktokcdn.com
872,https://inmobi.com
873,https://aws-proxy-gcp.api.snapchat.com
874,https://pull-flv-q10-sg01.tiktokcdn.com
876,https://mobile.launchdarkly.com
877,https://zoom.us
879,https://dc.services.visualstudio.com
880,https://gspe19-ssl.ls.apple.com
881,https://360yield.com
882,https://t.co
883,https://crashlyticsreports-pa.googleapis.com
884,https://weatherkit.apple.com
885,https://us-u.openx.net
886,https://pull-cmaf-f16-tt01.fcdn.us.tiktokv.com
887,https://amazonvideo.com
888,https://onetrust.com
889,https://pull-f5-tt02.tiktokcdn.com
893,https://applovin.com
894,https://uci.cdn.office.net
895,https://waconatm.officeapps.live.com
897,https://www.linkedin.com
898,https://app-analytics-v2.snapchat.com
899,https://px.moatads.com
900,https://pull-f5-sg01.tiktokcdn.com
903,https://webshell.suite.office.com
906,https://fls.doubleclick.net
907,https://metrics.icloud.com
908,https://xgapromomanager-pa.googleapis.com
909,https://aa.agkn.com
910,https://waconafd.officeapps.live.com
912,https://ssum-sec.casalemedia.com
913,https://us-central1-gcp.api.snapchat.com
915,https://history.google.com
916,https://firebaselogging.googleapis.com
917,https://smp-device-content.apple.com
920,https://api.apple-cloudkit.com
921,https://ssl.google-analytics.com
922,https://outbrain.com
923,https://api.weather.com
924,https://dt.adsafeprotected.com
926,https://m.google.com
927,https://onedrive.live.com
928,https://suggestqueries.google.com
931,https://bidder.criteo.com
933,https://discover-pa.googleapis.com
934,https://adjust.com
935,https://r.bing.com
939,https://images-na.ssl-images-amazon.com
944,https://c.go-mpulse.net
945,https://rtb.openx.net
946,https://bolt-gcdn.sc-cdn.net
947,https://googleads4.g.doubleclick.net
952,https://yieldmo.com
953,https://scontent.cdninstagram.com
955,https://acdn.adnxs.com
957,https://sessions.bugsnag.com
960,https://contextweb.com
962,https://p16-sign-va.tiktokcdn.com
963,https://spot-pa.googleapis.com
964,https://i.liadm.com
965,https://searchnotifications-pa.googleapis.com
967,https://pinimg.com
968,https://nav-edge.smartscreen.microsoft.com
969,https://analytics.tiktok.com
970,https://cp501.prod.do.dsp.mp.microsoft.com
971,https://chromewebstore.googleapis.com
973,https://ads.yieldmo.com
974,https://optimizely.com
975,https://cp801.prod.do.dsp.mp.microsoft.com
976,https://usc1-gcp-v62.api.snapchat.com
978,https://teads.tv
979,https://static.criteo.net
980,https://c1.adform.net
981,https://opera.com
982,https://netseer-ipaddr-assoc.xz.fbcdn.net
986,https://eus.rubiconproject.com
992,https://zemanta.com
993,https://mixpanel.com
994,https://peoplestack-pa.googleapis.com
995,https://device-metrics-us.amazon.com
996,https://connectivitycheck.platform.hicloud.com
1000,https://cf-st.sc-cdn.net
1002,https://telemetry.mozilla.org
1003,https://peoplestackwebexperiments-pa.clients6.google.com
1004,https://incoming.telemetry.mozilla.org
1005,https://ads.stickyadstv.com
1007,https://push.services.mozilla.com
1012,https://fs.microsoft.com
1014,https://tlx.3lift.com
1016,https://match.prod.bidr.io
1017,https://config.aps.amazon-adsystem.com
1018,https://geolocation.onetrust.com
1019,https://bh.contextweb.com
1020,https://amplitude.com
1021,https://stackadapt.com
1022,https://yimg.com
1023,https://yandex.ru
1025,https://srv.stackadapt.com
1026,https://fpinit.itunes.apple.com
1027,https://c.msn.com
1028,https://s.yimg.com
1029,https://s.ad.smaato.net
1031,https://avs-alexa-14-na.amazon.com
1033,https://roku.com
1035,https://login5.spotify.com
1037,https://autologon.microsoftazuread-sso.com
1038,https://aad.cs.dds.microsoft.com
1041,https://rtb-csync.smartadserver.com
1042,https://default.na.gateway.devices.a2z.com
1044,https://static.adsafeprotected.com
1046,https://dis.criteo.com
1048,https://cdn.optimizely.com
1050,https://a-mo.net
1051,https://kinesis.us-east-1.amazonaws.com
1052,https://rt.applovin.com
1055,https://is1-ssl.mzstatic.com
1058,https://p16-sign-sg.tiktokcdn.com
1059,https://dell.com
1060,https://peoplestack-pa.clients6.google.com
1061,https://image8.pubmatic.com
1065,https://apresolve.spotify.com
1068,https://typekit.com
1069,https://app.launchdarkly.com
1070,https://trustarc.com
1071,https://dsum-sec.casalemedia.com
1072,https://notify.adobe.io
1074,https://static.whatsapp.net
1075,https://polka.typekit.com
1078,https://clientstream.launchdarkly.com
1079,https://pixel.adsafeprotected.com
1080,https://app-site-association.cdn-apple.com
1081,https://mail.yahoo.com
1082,https://sitescout.com
1084,https://updates.cdn-apple.com
1087,https://cdn.branch.io
1088,https://client-api.itunes.apple.com
1089,https://ad.360yield.com
1090,https://bzib.nelreports.net
1091,https://grammarly.com
1093,https://messaging.engagement.office.com
1094,https://app.snapchat.com
1095,https://indexww.com
1099,https://tremorhub.com
1100,https://prebid.a-mo.net
1103,https://contextual.media.net
1107,https://www.clarity.ms
1108,https://ap.lijit.com
1109,https://chat.google.com
1110,https://globalsign.com
1112,https://onetag-sys.com
1117,https://trc.taboola.com
1119,https://meetings.googleapis.com
1120,https://pixel-sync.sitescout.com
1122,https://search.namequery.com
1123,https://instantmessaging-pa.googleapis.com
1126,https://p16-sign-useast2a.tiktokcdn.com
1127,https://upload2.fp.measure.office.com
1128,https://dropbox.com
1129,https://me.com
1130,https://ecn.dev.virtualearth.net
1132,https://ssbsync.smartadserver.com
1135,https://ci3.googleusercontent.com
1139,https://inference.location.live.net
1141,https://m.facebook.com
1143,https://unlinkability.apple.com
1146,https://us-east4-gcp.api.snapchat.com
1147,https://simpli.fi
1148,https://mobilemaps-pa-gz.googleapis.com
1150,https://ntp.msn.com
1152,https://g.bing.com
1153,https://js-sec.indexww.com
1155,https://b1sync.zemanta.com
1156,https://vungle.com
1157,https://mzstorekit.itunes.apple.com
1158,https://yt3.googleusercontent.com
1159,https://alexa-14.na.gateway.devices.a2z.com
1164,https://lb.eu-1-id5-sync.com
1165,https://use.typekit.net
1167,https://amp-api.apps.apple.com
1168,https://mobile.pipe.aria.microsoft.com
1170,https://u.openx.net
1171,https://pat-issuer.cloudflare.com
1172,https://dap.pat-issuer.cloudflare.com
1177,https://z.moatads.com
1179,https://fw.adsafeprotected.com
1181,https://sync.srv.stackadapt.com
1184,https://tags.bluekai.com
1185,https://slack.com
1189,https://api.mixpanel.com
1190,https://musicstatus.itunes.apple.com
1191,https://fls-na.amazon.com
1192,https://tr.snapchat.com
1193,https://jquery.com
1194,https://code.jquery.com
1198,https://api2.branch.io
1200,https://voilatile-pa.googleapis.com
1201,https://whatsapp.com
1202,https://flashtalking.com
1203,https://health.apple.com
1204,https://fontawesome.com
1205,https://p16-sign.tiktokcdn-us.com
1206,https://na.api.amazonvideo.com
1207,https://deviceintegritytokens-pa.googleapis.com
1208,https://pbs.twimg.com
1209,https://settings.data.microsoft.com
1210,https://ct.pinterest.com
1213,https://unrulymedia.com
1214,https://sophos.com
1215,https://targeting.unrulymedia.com
1216,https://cloudflareinsights.com
1220,https://enterpriseregistration.windows.net
1221,https://cdn.id5-sync.com
1223,https://identrust.com
1230,https://pendo.io
1231,https://i9.ytimg.com
1232,https://sectigo.com
1234,https://dl.google.com
1236,https://hotjar.com
1237,https://sync.crwdcntrl.net
1239,https://hp.com
1241,https://augloop.office.com
1244,https://truste.com
1246,https://connatix.com
1248,https://aws.duplex.snapchat.com
1249,https://um.simpli.fi
1251,https://visitor.omnitagjs.com
1252,https://ms.applovin.com
1254,https://unityads.unity3d.com
1255,https://tags.crwdcntrl.net
1256,https://cdn.taboola.com
1257,https://s.mzstatic.com
1258,https://sync-tm.everesttech.net
1261,https://static.ads-twitter.com
1265,https://bcp.crwdcntrl.net
1268,https://playatoms-pa.googleapis.com
1269,https://common.online.office.com
1274,https://baidu.com
1276,https://ce.lijit.com
1283,https://nrdp.ws.ale.netflix.com
1288,https://cms.quantserve.com
1289,https://sdk.iad-01.braze.com
1290,https://bootstrapcdn.com
1292,https://gumgum.com
1294,https://choices.trustarc.com
1296,https://sync.outbrain.com
1299,https://pippio.com
1301,https://treatment.grammarly.com
1303,https://script.ac
1304,https://ic3.events.data.microsoft.com
1306,https://p16-amd-va.tiktokcdn.com
1308,https://p.rfihub.com
1309,https://mathtag.com
1311,https://static.hotjar.com
1313,https://browser-intake-datadoghq.com
1316,https://gsp10-ssl.ls.apple.com
1317,https://events.launchdarkly.com
1318,https://m365cdn.nel.measure.office.net
1320,https://prod-eastus.access-point.cloudmessaging.edge.microsoft.com
1322,https://lh6.googleusercontent.com
1323,https://ravm.tv
1324,https://unpkg.com
1325,https://cf.iadsdk.apple.com
1326,https://geomobileservices-pa.googleapis.com
1328,https://catalog.gamepass.com
1329,https://content-storage-upload.googleapis.com
1331,https://simage2.pubmatic.com
1332,https://choices.truste.com
1333,https://capi.connatix.com
1334,https://prod.remote-settings.prod.webservices.mozgcp.net
1339,https://rtb0.doubleverify.com
1340,https://wise-m.public.cdn.office.net
1341,https://tr6.snapchat.com
1342,https://display.ravm.tv
1343,https://analytics.twitter.com
1344,https://disc601.prod.do.dsp.mp.microsoft.com
1346,https://lh4.googleusercontent.com
1347,https://proactivebackend-pa.googleapis.com
1348,https://dit.whatsapp.net
1349,https://aax-eu.amazon-adsystem.com
1351,https://sonobi.com
1352,https://go.sonobi.com
1354,https://servedby.flashtalking.com
1355,https://clients2.googleusercontent.com
1356,https://id.rlcdn.com
1357,https://bid.g.doubleclick.net
1358,https://aax-us-east.amazon-adsystem.com
1360,https://firestore.googleapis.com
1362,https://discord.com
1367,https://d.applovin.com
1370,https://ecn-us.dev.virtualearth.net
1374,https://aus5.mozilla.org
1377,https://o-sdk.mediation.unity3d.com
1378,https://sc-static.net
1379,https://api.samsungcloud.com
1381,https://browser.events.data.msn.com
1383,https://s.pinimg.com
1385,https://loopme.me
1389,https://ts.amazon-adsystem.com
1391,https://prod-scout-reg.rootsoc.com
1396,https://app.adjust.com
1397,https://dcg.microsoft.com
1398,https://pd.itunes.apple.com
1399,https://ad.turn.com
1400,https://readaloud.googleapis.com
1401,https://image2.pubmatic.com
1404,https://csync.loopme.me
1406,https://prebid-server.rubiconproject.com
1408,https://acroipm2.adobe.com
1409,https://sdds3.sophosupd.com
1412,https://kargo.com
1413,https://qualtrics.com
1415,https://onesignal.com
1418,https://postrelease.com
1421,https://www.instagram.com
1423,https://admanmedia.com
1424,https://cds.apple.com
1425,https://mobileconfiguration-pa.googleapis.com
1426,https://cloud.microsoft
1427,https://zeotap.com
1428,https://semanticlocation-pa.googleapis.com
1429,https://sync.ipredictive.com
1432,https://image6.pubmatic.com
1434,https://enduser.adsrvr.org
1438,https://accountcapabilities-pa.googleapis.com
1439,https://life360.com
1440,https://mediago.io
1441,https://translate.googleapis.com
1443,https://p16-sg.tiktokcdn.com
1444,https://p19-sign.tiktokcdn-us.com
1445,https://mail-ads.google.com
1447,https://usc1-gcp-v61.api.snapchat.com
1450,https://teamviewer.com
1451,https://siteintercept.qualtrics.com
1452,https://disc801.prod.do.dsp.mp.microsoft.com
1455,https://giphy.com
1456,https://b-www.facebook.com
1457,https://firefox.com
1462,https://api.rlcdn.com
1466,https://cdn.onenote.net
1467,https://launches.appsflyer.com
1469,https://insight.adsrvr.org
1478,https://api16-normal-c-useast1a.tiktokv.com
1480,https://europe.smartscreen.microsoft.com
1483,https://disc501.prod.do.dsp.mp.microsoft.com
1484,https://ssc-cms.33across.com
1485,https://p.typekit.net
1487,https://yandex.net
1488,https://photosdata-pa.googleapis.com
1489,https://t.adx.opera.com
1490,https://api.twitter.com
1491,https://mgid.com
1493,https://api2.amplitude.com
1497,https://notify.bugsnag.com
1500,https://o167200.ingest.sentry.io
1502,https://ring.com
1503,https://cs.admanmedia.com
1510,https://ep2.facebook.com
1511,https://play.samsungcloud.com
1512,https://js-agent.newrelic.com
1514,https://segment.io
1515,https://sync.mathtag.com
1518,https://deepintent.com
1519,https://api.segment.io
1520,https://mon16-normal-useast5.tiktokv.us
1521,https://tribalfusion.com
1523,https://hola.org
1524,https://secure-assets.rubiconproject.com
1526,https://mfadsrvr.com
1531,https://i.scdn.co
1532,https://gcdn.2mdn.net
1533,https://p16-useast2a.tiktokcdn.com
1534,https://avast.com
1537,https://ps.eyeota.net
1538,https://cyberark.com
1540,https://www.redditstatic.com
1541,https://trace.mediago.io
1542,https://www.cisco.com
1543,https://epm.cyberark.com
1544,https://client.dropbox.com
1545,https://sf16-ies-music-va.tiktokcdn.com
1546,https://b1.nel.goog
1550,https://vtrk.doubleverify.com
1551,https://teams.office.com
1552,https://owl.officeapps.live.com
1553,https://locus-a.wbx2.com
1554,https://jadserve.postrelease.com
1556,https://tanium.com
1561,https://xiaomi.com
1563,https://sync.go.sonobi.com
1564,https://a.tribalfusion.com
1566,https://fbsbx.com
1567,https://wyzecam.com
1568,https://stags.bluekai.com
1572,https://config.extension.grammarly.com
1575,https://vast.doubleverify.com
1578,https://pixel.quantserve.com
1582,https://experiments.apple.com
1584,https://btloader.com
1585,https://rtb.mfadsrvr.com
1586,https://usersub-a.wbx2.com
1587,https://pm.w55c.net
1588,https://st.pubmatic.com
1590,https://bttrack.com
1593,https://beacons5.gvt3.com
1594,https://1276298696.rsc.cdn77.org
1596,https://1598150807.rsc.cdn77.org
1599,https://m.youtube.com
1600,https://1845588971.rsc.cdn77.org
1601,https://taobao.com
1602,https://nam.loki.delve.office.com
1603,https://match.deepintent.com
1606,https://1365538595.rsc.cdn77.org
1608,https://sf16-ies-music-sg.tiktokcdn.com
1609,https://ad-delivery.net
1610,https://1826557370.rsc.cdn77.org
1611,https://1453470831.rsc.cdn77.org
1612,https://1230027213.rsc.cdn77.org
1613,https://1591469546.rsc.cdn77.org
1614,https://1053058463.rsc.cdn77.org
1615,https://1911897619.rsc.cdn77.org
1616,https://1766039122.rsc.cdn77.org
1617,https://1884043716.rsc.cdn77.org
1618,https://api16-normal-useast5.tiktokv.us
1619,https://1463137265.rsc.cdn77.org
1620,https://1572179442.rsc.cdn77.org
1622,https://1666945197.rsc.cdn77.org
1623,https://1368870070.rsc.cdn77.org
1626,https://1787221766.rsc.cdn77.org
1627,https://spl.zeotap.com
1633,https://www.telecommandsvc.microsoft.com
1635,https://1455061988.rsc.cdn77.org
1636,https://1483844406.rsc.cdn77.org
1637,https://1059928774.rsc.cdn77.org
1639,https://1810366965.rsc.cdn77.org
1641,https://1925505597.rsc.cdn77.org
1643,https://1369425009.rsc.cdn77.org
1645,https://cdn-ima.33across.com
1646,https://ae.iads.unity3d.com
1655,https://secure.cdn.fastclick.net
1657,https://snapkit.com
1658,https://temu.com
1664,https://recaptcha.net
1670,https://sync.intentiq.com
1671,https://events.ads.vungle.com
1680,https://api16-access-sg.pangle.io
1687,https://dealer.spotify.com
1688,https://adkernel.com
1693,https://configv2.unityads.unity3d.com
1696,https://lenovo.com
1703,https://disqus.com
1704,https://pull-flv-f77-tt01.tiktokcdn-us.com
1705,https://footprints-pa.googleapis.com
1707,https://firebaseremoteconfigrealtime.googleapis.com
1709,https://meethue.com
1711,https://time.cloudflare.com
1712,https://res.public.onecdn.static.microsoft
1713,https://pull-cmaf-f16-tt02.tiktokcdn-us.com
1714,https://video.twimg.com
1717,https://pull-f5-tt01.tiktokcdn-us.com
1718,https://pull-w5-va01.tiktokcdn-us.com
1719,https://pull-f5-sg01.tiktokcdn-us.com
1722,https://pull-f5-tt03.fcdn.us.tiktokv.com
1724,https://pull-flv-q77-sg01.tiktokcdn-us.com
1725,https://www.spotify.com
1726,https://instantmessaging-pa-jms-us.googleapis.com
1727,https://pull-f5-tt03.tiktokcdn-us.com
1728,https://pull-q5-sg01.tiktokcdn-us.com
1729,https://pull-flv-q77-va01.tiktokcdn-us.com
1730,https://pull-q5-va01.tiktokcdn-us.com
1731,https://ocsp.r2m02.amazontrust.com
1732,https://pull-w5-sg01.tiktokcdn-us.com
1733,https://o.pki.goog
1734,https://pull-f5-tt01.fcdn.us.tiktokv.com
1736,https://prebid.media.net
1737,https://edgeservices.bing.com
1738,https://pull-flv-o77-va01.tiktokcdn-us.com
1739,https://pull-f5-tt02.tiktokcdn-us.com
1740,https://pull-flv-w77-sg01.tiktokcdn-us.com
1741,https://data.pendo.io
1744,https://pull-cmaf-f16-tt01.tiktokcdn-us.com
1745,https://cm.adform.net
1747,https://suggestqueries-clients6.youtube.com
1749,https://dev-prod05.conferdeploy.net
1757,https://p13n.adobe.io
1758,https://pull-cmaf-f77-tt02.tiktokcdn-us.com
1760,https://pull-f5-va01.tiktokcdn-us.com
1761,https://pull-flv-f77-tt02.tiktokcdn-us.com
1762,https://www.netflix.com
1764,https://ipify.org
1765,https://pull-o5-va01.tiktokcdn-us.com
1766,https://excel-telemetry.officeapps.live.com
1767,https://pull-o5-sg01.tiktokcdn-us.com
1768,https://tags.tiqcdn.com
1770,https://unagi.amazon.com
1771,https://init.supersonicads.com
1772,https://pull-flv-o77-sg01.tiktokcdn-us.com
1773,https://iot.us-west-2.amazonaws.com
1774,https://pull-flv-w77-va01.tiktokcdn-us.com
1775,https://mediaservices.cdn-apple.com
1776,https://www.recaptcha.net
1777,https://pull-flv-l77-sg01.tiktokcdn-us.com
1778,https://ssp-sync.criteo.com
1779,https://gcs-us-00003.content-storage-upload.googleapis.com
1781,https://pull-flv-l77-va01.tiktokcdn-us.com
1782,https://pull-flv-l77-gcp01.tiktokcdn-us.com
1785,https://pull-flv-f77-sg01.tiktokcdn-us.com
1787,https://pull-cmaf-f77-tt01.tiktokcdn-us.com
1789,https://mobilemaps.googleapis.com
1790,https://detectportal.firefox.com
1791,https://locationhistory-pa.googleapis.com
1795,https://aviary.amazon.com
1797,https://pull-flv-l77-tt02.tiktokcdn-us.com
1798,https://unified.adsafeprotected.com
1799,https://segment.com
1800,https://partiality.itunes.apple.com
1801,https://sync.targeting.unrulymedia.com
1803,https://pull-cmaf-l16-tt01.tiktokcdn-us.com
1804,https://cs.media.net
1805,https://pull-flv-f77-va01.tiktokcdn-us.com
1806,https://mb.moatads.com
1807,https://maxcdn.bootstrapcdn.com
1808,https://pull-flv-l77-tt01.tiktokcdn-us.com
1812,https://auth.grammarly.com
1814,https://api.btloader.com
1815,https://app.slack.com
1816,https://api.snapkit.com
1817,https://crb.kargo.com
1818,https://se2.itunes.apple.com
1820,https://sync.adkernel.com
1822,https://rp.liadm.com
1823,https://urbanairship.com
1825,https://discordapp.com
1826,https://fef.msua01.manage.microsoft.com
1830,https://hbx.media.net
1831,https://c.clarity.ms
1832,https://edgeapi.slack.com
1833,https://extension.femetrics.grammarly.io
1834,https://btlr.sharethrough.com
1837,https://p16-pu-sign-useast8.tiktokcdn-us.com
1838,https://todo-ta-g7g.amazon.com
1840,https://roovza-launches.appsflyersdk.com
1841,https://people-pa.clients6.google.com
1846,https://api.wyzecam.com
1848,https://amp-api.media.apple.com
1849,https://oec16-normal-useast5.tiktokv.us
1850,https://innovid.com
1852,https://1634961757.rsc.cdn77.org
1853,https://n-able.com
1854,https://dellupdater.dell.com
1856,https://script.hotjar.com
1857,https://mobile-collector.newrelic.com
1858,https://tunnel.googlezip.net
1860,https://fef.msua02.manage.microsoft.com
1862,https://1971296482.rsc.cdn77.org
1864,https://1543874144.rsc.cdn77.org
1865,https://conviva.com
1866,https://nearbysharing-pa.googleapis.com
1867,https://1317736778.rsc.cdn77.org
1869,https://1203888015.rsc.cdn77.org
1870,https://uts-api.itunes.apple.com
1871,https://1447723502.rsc.cdn77.org
1873,https://pull-f5-tt02.fcdn.us.tiktokv.com
1874,https://1772619480.rsc.cdn77.org
1875,https://1663719199.rsc.cdn77.org
1876,https://1908245852.rsc.cdn77.org
1878,https://1261280084.rsc.cdn77.org
1879,https://1671666166.rsc.cdn77.org
1882,https://ad.gt
1883,https://1191120050.rsc.cdn77.org
1886,https://1052515760.rsc.cdn77.org
1887,https://fp.msedge.net
1888,https://1533248697.rsc.cdn77.org
1889,https://1431947896.rsc.cdn77.org
1891,https://1394501235.rsc.cdn77.org
1892,https://1586901842.rsc.cdn77.org
1895,https://1037185619.rsc.cdn77.org
1897,https://securetoken.googleapis.com
1898,https://mamservice.manage.microsoft.com
1899,https://js.monitor.azure.com
1900,https://use.fontawesome.com
1901,https://1004432549.rsc.cdn77.org
1902,https://1561539925.rsc.cdn77.org
1908,https://1964614885.rsc.cdn77.org
1909,https://api16-core.tiktokv.com
1910,https://1655932307.rsc.cdn77.org
1912,https://1928505594.rsc.cdn77.org
1917,https://aniview.com
1920,https://prod.us-east-1.sonar.prime-video.amazon.dev
1921,https://c4-excel-15.cdn.office.net
1923,https://metrics-a.wbx2.com
1924,https://snap.licdn.com
1931,https://discord.gg
1934,https://logfiles.zoom.us
1935,https://csp.microsoft.com
1943,https://cdn.flashtalking.com
1944,https://api22-core.tiktokv.com
1947,https://paa-reporting-advertising.amazon
1951,https://contacts.google.com
1952,https://ktpx.amazon.com
1953,https://vas.samsungapps.com
1957,https://aliyuncs.com
1958,https://ims-prod06.adobelogin.com
1959,https://eas.outlook.com
1965,https://grid.bidswitch.net
1967,https://d.turn.com
1968,https://image4.pubmatic.com
1970,https://config.ads.vungle.com
1971,https://cdn.discordapp.com
1972,https://rupload.facebook.com
1977,https://lcprd1.samsungcloudsolution.net
1978,https://f-log-extension.grammarly.io
1980,https://onedrive.com
1981,https://alb.reddit.com
1983,https://tr-ooc-atm.office.com
1984,https://ogads-pa.clients6.google.com
1985,https://www.yahoo.com
1986,https://cws.conviva.com
1987,https://pull-lls-l11.tiktokcdn.com
1988,https://o2r2hew432.execute-api.us-east-1.amazonaws.com
1991,https://prod-mediate-events.applovin.com
1992,https://platform.twitter.com
1997,https://anycast.adnxs.com
1998,https://adblockplus.org
1999,https://drivefrontend-pa.clients6.google.com
2000,https://my.microsoftpersonalcontent.com
2001,https://cdn2.inner-active.mobi
2002,https://xpaywalletcdn.azureedge.net
2008,https://pull-flv-l11-sg01.tiktokcdn.com
2009,https://edge.bamgrid.com
2010,https://qagpublic.qg2.apps.qualys.com
2011,https://calliope-anycast.prod.infra.webex.com
2012,https://odr.mookie1.com
2015,https://pull-flv-f11-sg01.tiktokcdn.com
2016,https://partners.tremorhub.com
2018,https://bolt.dropbox.com
2019,https://pull-flv-f11-gcp01.tiktokcdn.com
2026,https://att.net
2027,https://cloud.unity3d.com
2038,https://pull-flv-l11-va01.tiktokcdn.com
2040,https://ping.chartbeat.net
2042,https://walkme.com
2043,https://iphonesubmissions.apple.com
2044,https://ssum.casalemedia.com
2047,https://p19-pu-sign-useast8.tiktokcdn-us.com
2051,https://wikipedia.org
2052,https://pull-lls-l11-sg01.tiktokcdn.com
2054,https://ms4.applovin.com
2057,https://cdn.iads.unity3d.com
2059,https://pull-flv-l11-gcp01.tiktokcdn.com
2061,https://pull-lls-l11-va01.tiktokcdn.com
2062,https://drivefrontend-pa.googleapis.com
2063,https://translate.google.com
2064,https://cm.mgid.com
2068,https://fef.msua04.manage.microsoft.com
2069,https://pull-flv-f11-va01.tiktokcdn.com
2070,https://cadmus2.script.ac
2072,https://sandbox.itunes.apple.com
2076,https://c.media-amazon.com
2078,https://dcape-na.amazon.com
2080,https://ispot.tv
2082,https://acuityplatform.com
2083,https://config.officeapps.live.com
2087,https://d.dropbox.com
2088,https://pull-flv-f11-tt01.tiktokcdn.com
2090,https://cdn2.smoot.apple.com
2091,https://gpi3.life360.com
2093,https://privacymanager.io
2095,https://pull-flv-o11-va01.tiktokcdn.com
2097,https://guc3-spclient.spotify.com
2098,https://mon.isnssdk.com
2104,https://cognito-identity.us-east-1.amazonaws.com
2107,https://cdn.pendo.io
2110,https://okta.com
2111,https://emxdgt.com
2113,https://www2.bing.com
2115,https://api.onedrive.com
2118,https://rules.quantcount.com
2123,https://conn-service-us-04.allawnos.com
2125,https://adentifi.com
2127,https://symantec.com
2128,https://espresso-pa.clients6.google.com
2129,https://calendar-a.wbx2.com
2130,https://iphone.life360.com
2131,https://aadcdn.msauth.net
2135,https://cdp.cloud.unity3d.com
2138,https://conv-a.wbx2.com
2139,https://mmx-ds.cdn.whatsapp.net
2141,https://na.network-auth.com
2144,https://uipglob.semasio.net
2145,https://pn.ybp.yahoo.com
2146,https://searchlabspartnerservice-pa.googleapis.com
2147,https://nav.smartscreen.microsoft.com
2149,https://a.teads.tv
2150,https://rtb.adentifi.com
2151,https://nvidia.com
2153,https://sync.teads.tv
2154,https://t8.dropbox.com
2155,https://ts01-b.cloudsink.net
2156,https://gcs.sc-cdn.net
2157,https://api.onesignal.com
2159,https://mobile-data.onetrust.io
2161,https://p16-oec-ttp.tiktokcdn-us.com
2165,https://auction-load.unityads.unity3d.com
2168,https://samplicio.us
2169,https://downloads.dell.com
2170,https://dls-udc.dqa.samsung.com
2171,https://ui.com
2172,https://aadcdn.msftauth.net
2176,https://splashtop.com
2177,https://images.taboola.com
2179,https://amcdn.msftauth.net
2181,https://weixin.qq.com
2183,https://pubsub.googleapis.com
2189,https://s.go-mpulse.net
2191,https://i.clean.gg
2195,https://live.rezync.com
2197,https://github.com
2200,https://ocsp.rootca1.amazontrust.com
2201,https://mc.yandex.ru
2205,https://device-api.urbanairship.com
2206,https://device-api.wyzecam.com
2208,https://sync.taboola.com
2209,https://aefd.nelreports.net
2211,https://cm.everesttech.net
2215,https://api16-core-useast5.tiktokv.us
2217,https://sync.smartadserver.com
2221,https://thrtle.com
2222,https://api-noam.flightproxy.teams.microsoft.com
2225,https://mparticle.com
2226,https://i.pinimg.com
2227,https://intercom.io
2229,https://connectivitycheck.cbg-app.huawei.com
2230,https://sf16-ies-music.tiktokcdn.com
2231,https://ums.acuityplatform.com
2232,https://api.dropbox.com
2234,https://rkdms.com
2235,https://tnc16-alisg.isnssdk.com
2236,https://filedownload.lenovo.com
2238,https://wv.inner-active.mobi
2239,https://www.baidu.com
2240,https://translate-pa.googleapis.com
2241,https://ad-events.flashtalking.com
2242,https://impression.appsflyer.com
2245,https://sf16-sg.tiktokcdn.com
2246,https://downloaddispatch.itunes.apple.com
2250,https://google.cn
2254,https://mon.tiktokv.com
2256,https://richaudience.com
2262,https://conn-service-us-05.allawnos.com
2263,https://quantummetric.com
2264,https://lcs-cops.adobe.io
2266,https://web.diagnostic.networking.aws.dev
2270,https://api-partner.spotify.com
2273,https://eu-office.events.data.microsoft.com
2274,https://tynt.com
2275,https://ninjarmm.com
2277,https://dl-debug.dropbox.com
2278,https://rtr.innovid.com
2280,https://secure.quantserve.com
2285,https://dp-discovery-na-ext.amazon.com
2287,https://img.youtube.com
2288,https://ids.ad.gt
2292,https://id.a-mx.com
2295,https://tools.google.com
2296,https://assets.a-mo.net
2297,https://media.licdn.com
2300,https://maps.windows.com
2302,https://dls.di.atlas.samsung.com
2308,https://id.hadron.ad.gt
2315,https://webcast16-normal-useast5.tiktokv.us
2320,https://supl.google.com
2323,https://weather-edge.apple.com
2326,https://ca.iadsdk.apple.com
2327,https://gue1-spclient.spotify.com
2336,https://prod.balrog.prod.cloudops.mozgcp.net
2350,https://sp.analytics.yahoo.com
2364,https://kinesisvideo.us-west-2.amazonaws.com
2366,https://de.tynt.com
2368,https://b79c66077e27a1c100292a6aa5da291cfa7da7ef982a7d0d2708be38d76b31f.us-east-1.prod.service.minerva.devices.a2z.com
2369,https://pips.taboola.com
2372,https://fef.msua06.manage.microsoft.com
2374,https://api16-normal-useast8.tiktokv.us
2376,https://amplitude.life360.com
2378,https://searchhighlights.bing.com
2382,https://frontier.tiktokv.us
2383,https://wt.rqtrk.eu
2384,https://p19-oec-va.ibyteimg.com
2385,https://s.innovid.com
2388,https://apple-finance.query.yahoo.com
2389,https://dns-tunnel-check.googlezip.net
2390,https://gateway-asset.icloud-content.com
2391,https://g2.gumgum.com
2394,https://speechs3proto2-pa.googleapis.com
2396,https://adroll.com
2398,https://cm.adgrx.com
2400,https://adx.ads.vungle.com
2403,https://mediavine.com
2405,https://ocsp.r2m03.amazontrust.com
2406,https://secure-gl.imrworldwide.com
2409,https://api.ipify.org
2411,https://syndication.twitter.com
2412,https://ag.innovid.com
2413,https://chartbeat.com
2417,https://www.reddit.com
2419,https://accuweather.com
2420,https://mobile.adsafeprotected.com
2421,https://ssp.disqus.com
2423,https://sdk.pushmessage.samsung.com
2426,https://officecdn.microsoft.com
2427,https://publicassets.cdn-apple.com
2429,https://hotmail.com
2434,https://slackb.com
2437,https://us-auth2.samsungosp.com
2438,https://gravatar.com
2441,https://aa.online-metrix.net
2444,https://m.taobao.com
2445,https://exchange.mediavine.com
2446,https://roblox.com
2448,https://m.adnxs.com
2449,https://cadmus.script.ac
2450,https://server.events.data.microsoft.com
2452,https://tpsc-video-ue.doubleverify.com
2454,https://pixel-us-east.rubiconproject.com
2456,https://paypal.com
2458,https://redd.it
2459,https://v16m.tiktokcdn-us.com
2464,https://v45.tiktokcdn-us.com
2465,https://lexicon.33across.com
2466,https://manage.agent-cluster1.prod.us001-prod.arcticwolf.net
2469,https://tungsten-service.prod.na.adsqtungsten.a9.amazon.dev
2470,https://teams.live.com
2473,https://manage.agent-cluster2.prod.us001-prod.arcticwolf.net
2476,https://gnar.grammarly.com
2477,https://appier.net
2481,https://v16-cla.tiktokcdn.com
2482,https://edge-chat.facebook.com
2483,https://nym1-ib.adnxs.com
2484,https://paloaltonetworks.com
2486,https://cdn.walkme.com
2487,https://sync-t1.taboola.com
2491,https://v19.tiktokcdn-us.com
2492,https://manage.agent-cluster3.prod.us001-prod.arcticwolf.net
2493,https://graph.whatsapp.com
2495,https://agent-app.ninjarmm.com
2496,https://eu-teams.events.data.microsoft.com
2500,https://adition.com
2501,https://geo.yahoo.com
2502,https://espn.com
2503,https://forter.com
2504,https://growth-pa.googleapis.com
2506,https://js.adsrvr.org
2509,https://agen-assets.ftstatic.com
2510,https://stat.flashtalking.com
2513,https://wp.com
2514,https://adfarm1.adition.com
2518,https://contile.services.mozilla.com
2520,https://webcast-ws16-normal-useast5.tiktokv.us
2522,https://completion.amazon.com
2523,https://a.ad.gt
2527,https://memex-pa.googleapis.com
2528,https://sf16-static.i18n-pglstatp.com
2529,https://tapestry.tapad.com
2532,https://tnc16-platform-useast1a.tiktokv.com
2534,https://remote-data.urbanairship.com
2535,https://mads.amazon-adsystem.com
2536,https://attester.gateway.icloud.com
2537,https://logx.optimizely.com
2538,https://federatedcompute-pa.googleapis.com
2539,https://device-messaging-na.amazon.com
2541,https://teams.cloud.microsoft
2542,https://configservice.wyzecam.com
2545,https://api.intentiq.com
2547,https://idx.liadm.com
2548,https://s2.paa-reporting-advertising.amazon
2549,https://safelinks.protection.outlook.com
2550,https://lens.google.com
2552,https://s.company-target.com
2553,https://addons-pa.googleapis.com
2557,https://undertone.com
2560,https://polyfill.io
2561,https://colossusssp.com
2562,https://sq-tungsten-ts.amazon-adsystem.com
2567,https://locationhistoryaggregates-pa.googleapis.com
2568,https://js.stripe.com
2571,https://login.windows.net
2574,https://shopify.com
2575,https://cdn.adnxs.com
2576,https://rtb.gumgum.com
2577,https://static.chartbeat.com
2578,https://content-signature-2.cdn.mozilla.net
2581,https://api.spotify.com
2582,https://www.datadoghq-browser-agent.com
2583,https://tpsc-ue1.doubleverify.com
2586,https://steampowered.com
2588,https://api.accuweather.com
2593,https://m.hotmail.com
2595,https://pbs.yahoo.com
2596,https://outlookmobile-office365-tas.msedge.net
2597,https://ssbsync-global.smartadserver.com
2599,https://prg.smartadserver.com
2600,https://tg.socdm.com
2601,https://www.adobe.com
2602,https://medallia.com
2603,https://dsp.adfarm1.adition.com
2611,https://cdn.hadronid.net
2612,https://mssdk16-normal-useast5.tiktokv.us
2614,https://r.msftstatic.com
2619,https://hotapi16-normal-useast5.tiktokv.us
2622,https://d.adroll.com
2629,https://sequoia.cdn-apple.com
2630,https://adsmoloco.com
2632,https://player.aniview.com
2633,https://dynatrace.com
2636,https://honeywell.com
2637,https://primis.tech
2639,https://events.mz.unity3d.com
2642,https://gsp57-ssl-revgeo.ls.apple.com
2644,https://i.w55c.net
2646,https://usersync.gumgum.com
2650,https://zoho.com
2651,https://spot.im
2653,https://insightexpressai.com
2654,https://secure.insightexpressai.com
2655,https://gccmod.ecs.office.com
2656,https://cds.taboola.com
2658,https://deff.nelreports.net
2660,https://agave.myanalytics.cdn.office.net
2661,https://bam-sdk-configs.bamgrid.com
2670,https://datto.com
2671,https://iot.us-east-1.amazonaws.com
2674,https://evidon.com
2675,https://log16-normal-useast5.tiktokv.us
2676,https://sync.inmobi.com
2677,https://protected-by.clarium.io
2679,https://sf-api-token-service.itunes.apple.com
2683,https://beap-bc.yahoo.com
2686,https://createjs.com
2687,https://phonedeviceverification-pa.googleapis.com
2688,https://code.createjs.com
2692,https://csp.withgoogle.com
2694,https://skyapi.live.net
2695,https://nakheelteam.cc
2696,https://image-cdn-ak.spotifycdn.com
2700,https://m.stripe.network
2701,https://lf-main-gecko-source.tiktokcdn.com
2702,https://combine.urbanairship.com
2704,https://iosapps.itunes.apple.com
2705,https://widgets.outbrain.com
2706,https://cdn.liftoff-creatives.io
2708,https://sfchecker.goskope.com
2710,https://client.teamviewer.com
2712,https://ts01-gyr-maverick.cloudsink.net
2715,https://ent-api.msn.com
2716,https://b-cdn.net
2717,https://live.primis.tech
2719,https://shell.cdn.office.net
2720,https://dsum.casalemedia.com
2722,https://duckduckgo.com
2723,https://cdn.shopify.com
2724,https://continuum.dds.microsoft.com
2725,https://sharethis.com
2726,https://beacon-iad2.rubiconproject.com
2727,https://capi.grammarly.com
2728,https://x.dlx.addthis.com
2729,https://config.office.com
2731,https://duosecurity.com
2735,https://cloud.us
2736,https://frontier-va.tiktokv.com
2738,https://discovery.cem.cloud.us
2740,https://client-upgrade-a.wbx2.com
2742,https://gecko16-normal-useast5.tiktokv.us
2743,https://gfe.nvidia.com
2745,https://sslwidget.criteo.com
2747,https://aax-us-iad.amazon.com
2748,https://trk.pinterest.com
2749,https://adrta.com
2752,https://ow.pubmatic.com
2753,https://pixels.ad.gt
2754,https://1549064449.rsc.cdn77.org
2755,https://ssdk-sg.pangle.io
2757,https://consent.config.office.com
2759,https://mug.criteo.com
2761,https://ib.3lift.com
2762,https://st2-v3-dc.splashtop.com
2763,https://epicgames.com
2765,https://c.evidon.com
2768,https://region1.google-analytics.com
2769,https://sync.aniview.com
2770,https://android.prod.cloud.netflix.com
2773,https://1145477782.rsc.cdn77.org
2775,https://webcast16-normal-useast8.tiktokv.us
2776,https://1657780853.rsc.cdn77.org
2777,https://1671264786.rsc.cdn77.org
2779,https://prebid.adnxs.com
2780,https://1009384777.rsc.cdn77.org
2782,https://sync.colossusssp.com
2785,https://www.dropbox.com
2787,https://jwplayer.com
2791,https://google.co.id
2796,https://sdkconfig.ad.intl.xiaomi.com
2797,https://pitaya.tiktokv.us
2800,https://flurry.com
2801,https://1541128275.rsc.cdn77.org
2802,https://1152040835.rsc.cdn77.org
2804,https://onaudience.com
2805,https://1012573445.rsc.cdn77.org
2807,https://bpi.rtactivate.com
2809,https://1682337735.rsc.cdn77.org
2811,https://ice.360yield.com
2815,https://h64.online-metrix.net
2818,https://aan.amazon.com
2819,https://sync.bfmio.com
2820,https://cs-server-s2s.yellowblue.io
2823,https://cdn.confiant-integrations.net
2824,https://cacerts.digicert.com
2827,https://api16-core-useast8.tiktokv.us
2831,https://urs.microsoft.com
2832,https://qagpublic.qg3.apps.qualys.com
2833,https://tracker.samplicio.us
2838,https://us2.api.endpoint.ingress.rapid7.com
2840,https://www.google.co.id
2841,https://nexus-websocket-a.intercom.io
2842,https://fitness.googleapis.com
2847,https://api3.branch.io
2850,https://fef.msua05.manage.microsoft.com
2852,https://comodoca.com
2853,https://ssl.p.jwpcdn.com
2854,https://videoamp.com
2855,https://p.ad.gt
2857,https://singular.net
2861,https://springserve.com
2862,https://example.org
2863,https://analytics-alv.google.com
2866,https://client-office365-tas.msedge.net
2868,https://cma.itunes.apple.com
2871,https://ringcentral.com
2872,https://lf16-pkgcdn.pitaya-clientai.com
2873,https://cdn.steamstatic.com
2875,https://v39.tiktokcdn-us.com
2876,https://bs.serving-sys.com
2877,https://infinitedata-pa.googleapis.com
2880,https://scone-pa.googleapis.com
2882,https://region1.app-measurement.com
2889,https://api.pinterest.com
2890,https://mapbox.com
2891,https://feedback-pa.googleapis.com
2894,https://swscan.apple.com
2895,https://iqm.com
2898,https://wss-primary.slack.com
2900,https://bitdefender.net
2902,https://view.adjust.com
2903,https://bugly.qq.com
2905,https://pxl.iqm.com
2908,https://oec19-normal-useast5.tiktokv.us
2913,https://geo.privacymanager.io
2915,https://centrastage.net
2916,https://b.videoamp.com
2917,https://media4.giphy.com
2920,https://dmp.truoptik.com
2921,https://voledevice-pa.googleapis.com
2922,https://d9.flashtalking.com
2926,https://arc-ring.msedge.net
2927,https://adotmob.com
2928,https://split.io
2929,https://media2.giphy.com
2930,https://sync.adotmob.com
2931,https://accounts.doubleclick.net
2937,https://arm-ring.msedge.net
2940,https://ib.isappcloud.com
2941,https://r.casalemedia.com
2943,https://mail-attachment.googleusercontent.com
2945,https://openxcdn.net
2946,https://cdn.quantummetric.com
2950,https://api.espn.com
2951,https://v19-cla.tiktokcdn.com
2954,https://cdn.samsungcloudsolution.com
2957,https://oa.openxcdn.net
2958,https://sync.a-mo.net
2961,https://init.gc.apple.com
2963,https://us-east1-aws-acc.api.snapchat.com
2964,https://log-ingestion.samsungacr.com
2965,https://ajs-assets.ftstatic.com
2967,https://apps.samsung.com
2968,https://scontent.whatsapp.net
2969,https://ad-score.com
2970,https://pixel-eu.rubiconproject.com
2974,https://gql-fed.reddit.com
2975,https://audio-ak-spotify-com.akamaized.net
2977,https://api.ad.intl.xiaomi.com
2978,https://mcr-ring.msedge.net
2983,https://mid.rkdms.com
2984,https://resetdigital.co
2985,https://usc-collabrtc.officeapps.live.com
2987,https://media1.giphy.com
2989,https://liftoff.io
2990,https://cdn.indexww.com
2991,https://inapps.appsflyer.com
2992,https://redditmedia.com
2993,https://ebay.com
2994,https://cylance.com
2997,https://mon31-normal-useast1a.tiktokv.com
3002,https://betweendigital.com
3003,https://w3-reporting-nel.reddit.com
3005,https://mmg.whatsapp.net
3006,https://force.com
3007,https://webcast-ws16-normal-useast8.tiktokv.us
3010,https://android-safebrowsing.google.com
3011,https://gspe85-ssl.ls.apple.com
3014,https://storygize.net
3015,https://attachments.office.net
3016,https://e-planning.net
3017,https://zendesk.com
3018,https://script.4dex.io
3020,https://edgeassetservice.azureedge.net
3025,https://ads.betweendigital.com
3026,https://salesforceliveagent.com
3030,https://api.steampowered.com
3036,https://media3.giphy.com
3040,https://app-analytics-services-att.com
3045,https://e.reddit.com
3055,https://config-cd-dmgz.bamgrid.com
3056,https://cedexis.com
3057,https://config2.mparticle.com
3058,https://v16m.tiktokcdn.com
3067,https://capi.samsungcloud.com
3068,https://web.whatsapp.com
3076,https://fef.amsua0102.manage.microsoft.com
3077,https://ers.samsungcloud.com
3080,https://cms.analytics.yahoo.com
3081,https://csm.us5.us.criteo.net
3082,https://s-static.innovid.com
3088,https://fef.msua08.manage.microsoft.com
3089,https://jwpltx.com
3091,https://thind.unityads.unity3d.com
3092,https://measurement-api.criteo.com
3093,https://aw.sc-cdn.net
3095,https://libra16-normal-useast5.tiktokv.us
3099,https://thousandeyes.com
3101,https://lf19-pkgcdn.pitaya-clientai.com
3103,https://preview.redd.it
3104,https://gsp57-ssl-background.ls.apple.com
3105,https://pitaya-task.tiktokv.us
3110,https://kochava.com
3114,https://media0.giphy.com
3116,https://eset.com
3119,https://aliyun.com
3123,https://p16-pu-useast8.tiktokcdn-us.com
3125,https://getpocket.com
3127,https://vimeo.com
3135,https://gtq6.sct.sc-prod.net
3136,https://log16-normal-useast8.tiktokv.us
3140,https://joinhoney.com
3143,https://google-ohttp-relay-query.fastly-edge.com
3144,https://v16-cla.tiktokcdn-us.com
3146,https://auth.xboxlive.com
3148,https://analytics.avcdn.net
3149,https://he.net
3152,https://i-fallback.instagram.com
3154,https://abs.twimg.com
3156,https://launchpad.privacymanager.io
3157,https://sdk.iad-05.braze.com
3161,https://gos-api.gos-gsp.io
3165,https://analytics.query.yahoo.com
3168,https://trellix.com
3169,https://cs.yellowblue.io
3170,https://config.uca.cloud.unity3d.com
3171,https://presage.io
3172,https://streetviewpixels-pa.googleapis.com
3179,https://hulu.com
3180,https://sirius.mwbsys.com
3181,https://www-alv.google-analytics.com
3183,https://paypalobjects.com
3193,https://graph-fallback.facebook.com
3195,https://frontier-ttp2.tiktokv.us
3198,https://www.paypalobjects.com
3199,https://pi.ispot.tv
3202,https://ml314.com
3203,https://diagnostics.office.com
3205,https://api2.smoot.apple.com
3206,https://sync.resetdigital.co
3207,https://hb.yellowblue.io
3209,https://discord.media
3212,https://pixel-config.reddit.com
3214,https://prd.jwpltx.com
3217,https://iterable.com
3219,https://p.tvpixel.com
3220,https://proximity-a.wbx2.com
3222,https://ubuntu.com
3223,https://assets.nflxext.com
3225,https://ads.rubiconproject.com
3226,https://pixel.advertising.com
3227,https://x.com
3228,https://fcmconnection.googleapis.com
3231,https://safebrowsingohttpgateway.googleapis.com
3232,https://styles.redditmedia.com
3233,https://trc-events.taboola.com
3234,https://track.capitaloneshopping.com
3236,https://huntress.io
3237,https://nest.com
3239,https://fcm.googleapis.com
3240,https://lamssettings-pa.googleapis.com
3241,https://aax-us-pdx.amazon-adsystem.com
3242,https://ols.officeapps.live.com
3245,https://t-ring.msedge.net
3246,https://cdn.segment.com
3247,https://ftp.hp.com
3248,https://e1.emxdgt.com
3249,https://api-2-0.spot.im
3250,https://www.google.cn
3251,https://reqhfg-launches.appsflyersdk.com
3252,https://diag.meethue.com
3255,https://www.temu.com
3257,https://us.pftk.temu.com
3258,https://cloudinary.com
3259,https://w3-reporting.reddit.com
3260,https://sf16-muse-va.ibytedtos.com
3264,https://vcs-va.tiktokv.com
3267,https://e-volution.ai
3268,https://apptentive.com
3271,https://yahoo.net
3272,https://sdk.iad-06.braze.com
3273,https://bsync.tiktokv.us
3275,https://ats-wrapper.privacymanager.io
3277,https://ngx-v6.amp-endpoint2.com
3278,https://webcast22-ws-useast1a.tiktokv.com
3279,https://checkip.amazonaws.com
3288,https://api.apptentive.com
3291,https://api.iterable.com
3292,https://spocs.getpocket.com
3295,https://gateway.discord.gg
3299,https://p16-oec-va.ibyteimg.com
3300,https://sdk.split.io
3301,https://www.samsung.com
3309,https://uber.com
3310,https://stocks-data-service.apple.com
3311,https://metadata.templates.cdn.office.net
3313,https://vidoomy.com
3314,https://rmm.datto.com
3315,https://gecko31-normal-useast1a.tiktokv.com
3319,https://cdn.js7k.com
3320,https://web-chat-e2ee.facebook.com
3321,https://api.amplitude.com
3322,https://simage4.pubmatic.com
3327,https://oath.com
3328,https://dig.tiktokv.us
3330,https://1422452418.rsc.cdn77.org
3333,https://identity.mparticle.com
3336,https://gsp57-ssl-locus.ls.apple.com
3339,https://files.ivaws.com
3343,https://kampyle.com
3344,https://d.joinhoney.com
3346,https://iot.meethue.com
3349,https://player.vimeo.com
3350,https://1383071503.rsc.cdn77.org
3351,https://fullstory.com
3352,https://datarouter.ol.epicgames.com
3355,https://1118357011.rsc.cdn77.org
3356,https://1009748301.rsc.cdn77.org
3359,https://1671285450.rsc.cdn77.org
3360,https://bidmachine.io
3362,https://ipv4.cws.conviva.com
3364,https://ecsv2.roblox.com
3367,https://w.inmobi.com
3369,https://calendarsync-pa.googleapis.com
3375,https://1260974325.rsc.cdn77.org
3376,https://t-mobile.com
3377,https://p19-pu-useast8.tiktokcdn-us.com
3380,https://azure.net
3381,https://1425759855.rsc.cdn77.org
3382,https://p16.tiktokcdn-us.com
3383,https://msg.csw.lenovo.com
3386,https://webcast16-ws-useast1a.tiktokv.com
3387,https://t-ring-s.msedge.net
3388,https://permutive.com
3389,https://resideo.com
3390,https://ngx-v4.amp-endpoint2.com
3391,https://clientsettingscdn.roblox.com
3392,https://1776226566.rsc.cdn77.org
3398,https://sid.storygize.net
3399,https://ss-prod-va6c2-ns.va6c2.adobess.com
3400,https://dsadata.intel.com
3401,https://pusher.com
3405,https://vae-bid.adsrvr.org
3406,https://meeting-container-a.wbx2.com
3407,https://sync.e-volution.ai
3410,https://mssdk16-normal-useast8.tiktokv.us
3411,https://osb-v2.samsungqbe.com
3412,https://i-sdk.mediation.unity3d.com
3413,https://google.us
3414,https://xsts.auth.xboxlive.com
3417,https://hotapi16-normal-useast8.tiktokv.us
3419,https://www.google.us
3420,https://adswizz.com
3422,https://music.apple.com
3423,https://bitmoji.com
3424,https://pagead2.googleadservices.com
3426,https://salesforce.com
3427,https://moengage.com
3430,https://acrobat.adobe.com
3432,https://edgecastcdn.net
3433,https://sb-ssl.google.com
3435,https://disney.api.edge.bamgrid.com
3436,https://beacon-nf.rubiconproject.com
3437,https://ims-na1.adobelogin.com
3439,https://events-ssc.33across.com
3440,https://bazaarvoice.com
3441,https://c1.eb.thousandeyes.com
3446,https://lyra-a.wbx2.com
3449,https://region1.analytics.google.com
3451,https://cdn-settings.segment.com
3453,https://pixel.onaudience.com
3455,https://sandbox.google.com
3466,https://smadex.com
3467,https://content.dellsupportcenter.com
3468,https://report.appmetrica.yandex.net
3469,https://cdn4.forter.com
3471,https://raw.githubusercontent.com
3475,https://gw-iad-bid.ymmobi.com
3476,https://api.us-east-1.aiv-delivery.net
3477,https://rpt.cedexis.com
3478,https://sportradarserving.com
3481,https://klaviyo.com
3482,https://bluecava.com
3484,https://ml.cdn-apple.com
3489,https://iecvlist.microsoft.com
3494,https://pandora.com
3495,https://presence.roblox.com
3498,https://netgear.com
3499,https://pghub.io
3502,https://ephemeralcounters.api.roblox.com
3503,https://www.xboxab.com
3504,https://calendarpushsubscription-pa.googleapis.com
3508,https://win-extension.femetrics.grammarly.io
3510,https://digitalassetlinks.googleapis.com
3511,https://tr-ofc-mira.office.com
3516,https://chatgpt.com
3517,https://l.evidon.com
3519,https://apis.roblox.com
3520,https://images.bitmoji.com
3522,https://ipv6.cws.conviva.com
3523,https://thumbnails.roblox.com
3529,https://sync.graph.bluecava.com
3533,https://eetee.huntress.io
3534,https://sn.webrootcloudav.com
3541,https://www.paypal.com
3544,https://tnc16-normal-useast5.tiktokv.us
3545,https://tasks-pa.googleapis.com
3548,https://cdn.forter.com
3550,https://hblg.media.net
3551,https://sdk-events.inner-active.mobi
3553,https://v77.tiktokcdn.com
3558,https://gsp9-ssl.apple.com
3559,https://huntresscdn.com
3560,https://ingest.quantummetric.com
3567,https://unif-id.ssp.inmobi.com
3570,https://api.ring.com
3571,https://krk2.kargo.com
3572,https://tnc16-normal-useast8.tiktokv.us
3573,https://us4-dms.zoho.com
3577,https://query.prod.cms.rt.microsoft.com
3578,https://shop.app
3581,https://fid.agkn.com
3582,https://kit.fontawesome.com
3583,https://usc-excel.officeapps.live.com
3587,https://qsearch-a.akamaihd.net
3593,https://cdn.honey.io
3594,https://crl.apple.com
3595,https://gecko16-normal-useast8.tiktokv.us
3597,https://fw.ring.com
3600,https://bookkeeper.itunes.apple.com
3601,https://rapidssl.com
3602,https://enterprise.slack.com
3605,https://braze-images.com
3606,https://huntress-rio.s3.amazonaws.com
3609,https://tse1.mm.bing.net
3613,https://a.sportradarserving.com
3614,https://apidata.googleusercontent.com
3616,https://wikimedia.org
3617,https://redirector.gvt1.com
3618,https://ocsp.apple.com
3620,https://det-ta-g7g.amazon.com
3622,https://config.inmobi.com
3624,https://tr-ofc-atm.office.com
3628,https://c2shb.pubgw.yahoo.com
3629,https://api16-core-c-useast1a.tiktokv.com
3634,https://weathermapdata.blob.core.windows.net
3635,https://aralego.com
3636,https://aka.ms
3637,https://pitaya-ttp2.tiktokv.us
3638,https://tos-prod-getdata.samsung-dict.com
3639,https://secure.gravatar.com
3641,https://familyshield.opendns.com
3642,https://sync.serverbid.com
3643,https://trace.svc.ui.com
3644,https://gateway.bingviz.microsoftapp.net
3645,https://latency.discord.media
3646,https://securitydomain-pa.googleapis.com
3647,https://www.tiktok.com
3648,https://segments.company-target.com
3649,https://apheleia-a.wbx2.com
3653,https://tr-ofc-afdwac.office.com
3655,https://adx.g.doubleclick.net
3656,https://embeddedassistant.googleapis.com
3657,https://maps.google.com
3658,https://sf16-va.tiktokcdn.com
3659,https://invstatic101.creativecdn.com
3660,https://api.mop.apps.samsung.com
3662,https://autodesk.com
3663,https://us-east-eb2.3lift.com
3664,https://amazon.co.uk
3667,https://doh.familyshield.opendns.com
3671,https://tos-stg-getdata.samsung-dict.com
3672,https://excel.officeapps.live.com
3673,https://monorail-edge.shopifysvc.com
3675,https://data.eb.thousandeyes.com
3676,https://ara.paa-reporting-advertising.amazon
3679,https://viber.com
3680,https://dns.google.com
3683,https://search.us.namequery.com
3684,https://ocsp.r2m01.amazontrust.com
3685,https://devpush-hapseemate.dayunlinks.cn
3688,https://beacon.lynx.cognitivlabs.com
3689,https://xapi-a.wbx2.com
3690,https://secure-us.imrworldwide.com
3691,https://bounceexchange.com
3692,https://api.permutive.com
3693,https://admixer.net
3696,https://twitch.tv
3697,https://a4.applovin.com
3699,https://fcmtoken.googleapis.com
3703,https://tos-dev-getdata.samsung-dict.com
3704,https://ep7.facebook.com
3705,https://api.bidmachine.io
3706,https://alibaba.com
3708,https://exp1.www.linkedin.com
3715,https://clickagy.com
3716,https://ctnsnet.com
3717,https://chipmunk.grammarly.com
3718,https://e.dlx.addthis.com
3719,https://data.grammarly.com
3721,https://sdk.iad-03.braze.com
3723,https://login.yahoo.com
3725,https://save-pa.googleapis.com
3726,https://aorta.clickagy.com
3727,https://mp.4dex.io
3728,https://gates.grammarly.com
3729,https://box.com
3730,https://cdn-f.adsmoloco.com
3731,https://brave.com
3732,https://games.roblox.com
3734,https://google-bidout-d.openx.net
3737,https://us2.bootstrap.endpoint.ingress.rapid7.com
3739,https://media6degrees.com
3743,https://permutive.app
